movie_id,genre,year,avg_shot_length,median_shot_length
action_0,Action/Thriller,2021,3.5639944657827263,2.640167325536822
action_1,Action/Thriller,2023,4.108018916919581,2.967264036633665
action_2,Action/Thriller,2025,3.2737598379033823,2.409387044559435
action_3,Action/Thriller,2022,3.6825096158088533,2.7250194835457613
action_4,Action/Thriller,2024,4.345342702709462,3.1773915509803907
action_5,Action/Thriller,2024,4.286169895673336,3.123047898279044
action_6,Action/Thriller,2021,3.150891515663408,2.316517902824226
action_7,Action/Thriller,2021,4.844448828692467,3.4597104834325014
action_8,Action/Thriller,2021,4.391632852964739,3.2791886579796277
action_9,Action/Thriller,2025,2.997737279485193,2.260643038939793
action_10,Action/Thriller,2020,3.068659926951489,2.1947159917001002
action_11,Action/Thriller,2024,3.5242660826961485,2.5887223598249696
action_12,Action/Thriller,2025,3.716208843997999,2.622251682705702
action_13,Action/Thriller,2021,4.761453088552586,3.355213887683063
action_14,Action/Thriller,2020,4.145781014084325,3.0099440131537083
action_15,Action/Thriller,2022,3.4996749906962368,2.612664936161622
action_16,Action/Thriller,2023,4.437367920939154,3.1920374469017117
action_17,Action/Thriller,2021,3.971891920258233,2.966053726655086
action_18,Action/Thriller,2025,3.4419366926018053,2.483242913707911
action_19,Action/Thriller,2025,3.85308134819623,2.8512694279926345
action_20,Action/Thriller,2024,3.121596913606618,2.33726604586418
action_21,Action/Thriller,2025,4.074091237259923,2.977917006930364
action_22,Action/Thriller,2023,2.8910281160307814,2.0937320528042362
action_23,Action/Thriller,2024,3.579130530497391,2.608258020587711
action_24,Action/Thriller,2024,4.17749568064735,3.0624901679027507
action_25,Action/Thriller,2020,4.140780114415072,3.000338424381386
action_26,Action/Thriller,2023,4.3858386220434245,3.1072823325248127
action_27,Action/Thriller,2022,4.514819755664849,3.345602632298676
action_28,Action/Thriller,2020,3.706431858656007,2.717737083886724
action_29,Action/Thriller,2024,4.7473904203807455,3.4710853746719454
action_30,Action/Thriller,2025,4.090960158335245,3.0348425496544484
action_31,Action/Thriller,2022,3.8515642323819455,2.7864385179977686
action_32,Action/Thriller,2020,4.211855634161287,3.0195186605455806
action_33,Action/Thriller,2025,3.019038787793918,2.1518468254867176
action_34,Action/Thriller,2023,4.297423167389057,3.1696683105989627
action_35,Action/Thriller,2024,4.768867972284055,3.4862668809156303
action_36,Action/Thriller,2024,3.0195677438849273,2.1818443345711205
action_37,Action/Thriller,2022,2.968066596223648,2.14122971266245
action_38,Action/Thriller,2024,3.4671823550273646,2.519370538869437
action_39,Action/Thriller,2025,4.267746490388488,3.192693515507915
action_40,Action/Thriller,2022,4.912062305605546,3.436586109516606
action_41,Action/Thriller,2025,2.9975910363065035,2.162899789621317
action_42,Action/Thriller,2021,4.135283004374378,3.0104267586031694
action_43,Action/Thriller,2022,3.072745023242213,2.228811549992695
action_44,Action/Thriller,2024,4.79979359054623,3.501453882555838
action_45,Action/Thriller,2025,3.4738254256549697,2.600589447996818
action_46,Action/Thriller,2021,3.3151871051708994,2.4075122088172725
action_47,Action/Thriller,2025,2.8033620985468617,2.081042616117384
action_48,Action/Thriller,2025,4.890894868133585,3.58943999273116
action_49,Action/Thriller,2022,3.65511635028,2.6845137638779737
action_50,Action/Thriller,2025,4.466369692848592,3.2444361618460067
action_51,Action/Thriller,2020,4.056600939489988,3.0111469472449155
action_52,Action/Thriller,2020,3.6547773669494044,2.708933424021469
action_53,Action/Thriller,2025,4.166032718567515,3.04879226989331
action_54,Action/Thriller,2020,3.4404739934234487,2.4917526993220074
action_55,Action/Thriller,2025,4.93196968225576,3.582498769445817
action_56,Action/Thriller,2023,3.108832685861712,2.2517869928898344
action_57,Action/Thriller,2023,3.8230104590828238,2.660601876032633
action_58,Action/Thriller,2024,4.183394033349492,3.02323910378624
action_59,Action/Thriller,2021,4.46909878428177,3.1957536343782524
action_60,Action/Thriller,2020,3.581724684574641,2.589971553967919
action_61,Action/Thriller,2022,4.411544261027308,3.117120361775589
action_62,Action/Thriller,2024,4.6254475834738225,3.275728014384515
action_63,Action/Thriller,2023,4.404005769324102,3.1499011945358846
action_64,Action/Thriller,2023,4.319927449359854,3.172103117028132
action_65,Action/Thriller,2025,3.4347653174380866,2.5140221304233763
action_66,Action/Thriller,2023,4.041551120467815,3.0067539452674126
action_67,Action/Thriller,2025,3.391136449986778,2.4430605863899495
action_68,Action/Thriller,2020,4.04806141512146,2.9610514689127196
action_69,Action/Thriller,2023,3.420070768167935,2.419962636418381
action_70,Action/Thriller,2022,3.319847536984483,2.3652075030562942
action_71,Action/Thriller,2020,4.462260734011698,3.2375145766788016
action_72,Action/Thriller,2023,4.766284342623081,3.4704933087425447
action_73,Action/Thriller,2025,3.038833520974246,2.2462050737430355
action_74,Action/Thriller,2024,4.478430523552659,3.267331927178815
action_75,Action/Thriller,2024,3.506136073062589,2.6122345751623817
action_76,Action/Thriller,2025,4.377188665498829,3.2635840978902246
action_77,Action/Thriller,2024,4.482361756501726,3.268670445813128
action_78,Action/Thriller,2024,3.823942553972184,2.858459848488409
action_79,Action/Thriller,2022,3.3055961052326084,2.3610206037928307
action_80,Action/Thriller,2024,3.423552936379271,2.523515843460169
action_81,Action/Thriller,2021,3.053728480434319,2.240709055526272
action_82,Action/Thriller,2020,4.211006225873942,3.123272217636872
action_83,Action/Thriller,2023,4.7750353451874235,3.420788123128348
action_84,Action/Thriller,2023,4.790457836376759,3.4255230291982963
action_85,Action/Thriller,2022,4.352682831286906,3.1782599122651645
action_86,Action/Thriller,2023,3.3210076328804217,2.4395751682686884
action_87,Action/Thriller,2020,4.219732225203662,2.9932338577476623
action_88,Action/Thriller,2023,3.4759654766212305,2.54129378210677
action_89,Action/Thriller,2023,4.315210878640476,3.1348430628984905
action_90,Action/Thriller,2024,3.8118881706129804,2.796439104187767
action_91,Action/Thriller,2020,4.6437500985565485,3.3619048655452395
action_92,Action/Thriller,2023,4.348343626215293,3.2224688315735817
action_93,Action/Thriller,2021,4.14166832965247,3.0085848472883288
action_94,Action/Thriller,2023,3.782570596970919,2.7403288393547904
action_95,Action/Thriller,2023,3.7143315233706478,2.733280441457077
action_96,Action/Thriller,2021,4.547267238819824,3.3462845103179206
action_97,Action/Thriller,2021,3.507630512495049,2.5256507998217175
action_98,Action/Thriller,2022,3.18960462270899,2.2925938028632054
action_99,Action/Thriller,2025,4.334153120048791,3.1729294013316602
action_100,Action/Thriller,2022,3.540256989336394,2.5682907651226605
action_101,Action/Thriller,2023,2.920994961947013,2.125268370292623
action_102,Action/Thriller,2025,3.273195708269107,2.3788772445917203
action_103,Action/Thriller,2020,4.539663907598122,3.444453800793322
action_104,Action/Thriller,2021,4.51797348994663,3.2728713277425183
action_105,Action/Thriller,2025,3.380457284053695,2.418175726180767
action_106,Action/Thriller,2022,3.5139597470473296,2.5493811356952185
action_107,Action/Thriller,2023,3.2332308132072582,2.321377981046755
action_108,Action/Thriller,2021,3.3383172519631508,2.3932572466472126
action_109,Action/Thriller,2022,3.7938127927715013,2.777108674189874
action_110,Action/Thriller,2024,2.968250628190632,2.1540427754228526
action_111,Action/Thriller,2024,4.065151532127087,2.9554040655717038
action_112,Action/Thriller,2020,3.3039716215704074,2.384116165673224
action_113,Action/Thriller,2023,3.434417475504536,2.527963359680897
action_114,Action/Thriller,2023,4.063734976196364,2.988786715510421
action_115,Action/Thriller,2022,4.630867634089083,3.38621394020605
action_116,Action/Thriller,2022,2.9542936362091696,2.202030902052458
action_117,Action/Thriller,2025,3.20483265838926,2.3024442520646833
action_118,Action/Thriller,2021,3.59631363491168,2.611456489134348
action_119,Action/Thriller,2022,4.726714918525217,3.4497085843233957
action_120,Action/Thriller,2022,4.206316904737354,3.116705745310008
action_121,Action/Thriller,2022,3.369438561358599,2.42242369573948
action_122,Action/Thriller,2024,3.5159826809112746,2.532697517563184
action_123,Action/Thriller,2020,3.467232420901672,2.4857505007135074
action_124,Action/Thriller,2020,3.1672577348540014,2.360963973309702
action_125,Action/Thriller,2023,3.9537663913894923,2.8538450107366575
action_126,Action/Thriller,2022,3.8828341285013495,2.7461576092945137
action_127,Action/Thriller,2025,3.894384897747618,2.8855741774474657
action_128,Action/Thriller,2020,3.600903679409024,2.503798027863849
action_129,Action/Thriller,2020,4.134728317774676,3.055633251994091
action_130,Action/Thriller,2025,2.912691646246326,2.1820007246809987
action_131,Action/Thriller,2025,3.1479618672212104,2.261337292180362
action_132,Action/Thriller,2025,2.874099287148087,2.120462822986976
action_133,Action/Thriller,2023,4.085922104990239,3.0051030717828784
action_134,Action/Thriller,2025,3.0068395672118684,2.2013996766986423
action_135,Action/Thriller,2024,4.609435098337039,3.360463220781272
action_136,Action/Thriller,2024,3.288067864681915,2.3957778646622394
action_137,Action/Thriller,2021,3.4692171018080415,2.584594186143155
action_138,Action/Thriller,2022,4.609152205341972,3.3719532803524253
action_139,Action/Thriller,2025,4.599298238257291,3.3178582669809
action_140,Action/Thriller,2025,3.381193546974072,2.46391699708094
action_141,Action/Thriller,2025,4.125036399000476,2.9285345533784035
action_142,Action/Thriller,2020,4.140506033978697,3.038469587546736
action_143,Action/Thriller,2025,3.736513613423204,2.7248381803643977
action_144,Action/Thriller,2024,4.958688325293215,3.51248335930152
action_145,Action/Thriller,2025,4.492735554158866,3.3511021803935375
action_146,Action/Thriller,2025,4.1850633494487,3.0137357101420177
action_147,Action/Thriller,2021,4.0449813274135495,2.883129110469464
action_148,Action/Thriller,2025,4.978567116163315,3.5209415172406273
action_149,Action/Thriller,2022,3.546494677146146,2.598306524547227
action_150,Action/Thriller,2020,3.6434618106162344,2.7384707017819037
action_151,Action/Thriller,2021,3.853894702077241,2.8366730149918267
action_152,Action/Thriller,2024,4.415689450712023,3.1380385313936965
action_153,Action/Thriller,2020,2.9926997837058904,2.183401459530003
action_154,Action/Thriller,2022,4.717443509764394,3.4230935155249975
action_155,Action/Thriller,2023,3.6459344692481324,2.7006988723656713
action_156,Action/Thriller,2021,4.622889870280205,3.2337928336617328
action_157,Action/Thriller,2025,4.222235689722161,3.026908770908133
action_158,Action/Thriller,2024,3.8401375096901833,2.848688311120175
action_159,Action/Thriller,2024,4.4989604822650415,3.281009946820208
action_160,Action/Thriller,2020,2.8049237070169033,2.043749086716601
action_161,Action/Thriller,2025,4.569020615875852,3.374361657737148
action_162,Action/Thriller,2020,4.376910117170938,3.1349468866464343
action_163,Action/Thriller,2025,2.9991934295436207,2.1979317290257705
action_164,Action/Thriller,2023,3.7070218027003974,2.7198614232677363
action_165,Action/Thriller,2020,3.647027986803043,2.664607284899864
action_166,Action/Thriller,2020,3.839165634475117,2.8647485905054104
action_167,Action/Thriller,2025,4.305433096649304,3.1020694154595714
action_168,Action/Thriller,2021,4.392535983864625,3.2318853481589764
action_169,Action/Thriller,2025,4.480293729533078,3.314268772970862
action_170,Action/Thriller,2023,3.9327555294873884,2.8109477709304276
action_171,Action/Thriller,2025,3.5816261962950033,2.6908141203673037
action_172,Action/Thriller,2024,4.797530870211786,3.487116351625629
action_173,Action/Thriller,2022,4.6516442020789635,3.420353466572914
action_174,Action/Thriller,2023,3.0213282993118953,2.2434463848722963
action_175,Action/Thriller,2020,4.578250156289235,3.3379744760310652
action_176,Action/Thriller,2022,4.220068026674019,2.985149682391456
action_177,Action/Thriller,2024,4.841320879533976,3.5492959059778757
action_178,Action/Thriller,2025,3.4736053612559123,2.48743245083145
action_179,Action/Thriller,2020,3.756172900208462,2.774063072549771
action_180,Action/Thriller,2020,4.439597650097998,3.160489671148467
action_181,Action/Thriller,2024,2.865650905945962,2.083182848147873
action_182,Action/Thriller,2023,3.6322839606588735,2.7549131562141103
action_183,Action/Thriller,2022,3.0506733764586556,2.1887521320550163
action_184,Action/Thriller,2021,3.7355273818521173,2.800471224373113
action_185,Action/Thriller,2020,4.325410128689592,3.2178500388232893
action_186,Action/Thriller,2025,3.72576563461648,2.6594192845100517
action_187,Action/Thriller,2025,4.570881290764814,3.3517645275481276
action_188,Action/Thriller,2023,3.29842261434972,2.4266447482857805
action_189,Action/Thriller,2020,4.5149674825767905,3.288913959177857
action_190,Action/Thriller,2024,4.520708280634171,3.1947366172255416
action_191,Action/Thriller,2021,2.9661992312386,2.235409864028146
action_192,Action/Thriller,2024,4.299293923435137,3.0833430362525256
action_193,Action/Thriller,2021,4.248719194638692,3.174106248819479
action_194,Action/Thriller,2022,3.8869035467115913,2.8176865661457176
action_195,Action/Thriller,2020,3.118696557147451,2.2730980228741395
action_196,Action/Thriller,2022,4.074938816197178,2.9847619890284114
action_197,Action/Thriller,2023,4.533837401614201,3.2415643434947343
action_198,Action/Thriller,2021,3.809197745916953,2.8140562456379987
action_199,Action/Thriller,2025,3.8670922979130853,2.7872727051809045
action_200,Action/Thriller,2022,4.13076556489019,3.059959079432778
action_201,Action/Thriller,2024,3.555331206625224,2.6426571330075452
action_202,Action/Thriller,2022,4.236340483944623,3.041968703278293
action_203,Action/Thriller,2023,3.9396400238435825,2.8628267576084427
action_204,Action/Thriller,2025,3.1924310267493463,2.2544710010139553
action_205,Action/Thriller,2022,2.9822418423200614,2.195705890213177
action_206,Action/Thriller,2024,4.716597931830793,3.4657406919501694
action_207,Action/Thriller,2021,3.3942512662933377,2.514839318688273
action_208,Action/Thriller,2022,3.4084293608771574,2.481746516130464
action_209,Action/Thriller,2024,3.307193421230218,2.5157618287070314
action_210,Action/Thriller,2024,3.086972605273159,2.3001106955815604
action_211,Action/Thriller,2022,2.9517002565462556,2.2019176564361
action_212,Action/Thriller,2023,3.870633494914466,2.776725122969138
action_213,Action/Thriller,2021,4.694796784368591,3.5049073932190846
action_214,Action/Thriller,2022,4.101858587340312,2.9662991519453437
action_215,Action/Thriller,2022,3.604602892477772,2.555725073472402
action_216,Action/Thriller,2024,3.2783023966684244,2.4592507957754988
action_217,Action/Thriller,2021,2.9613024924764093,2.175866750815969
action_218,Action/Thriller,2024,3.804673329069978,2.7250222690686283
action_219,Action/Thriller,2025,4.117763769507556,3.031130219594084
action_220,Action/Thriller,2024,3.9979368617527795,2.8456524148273044
action_221,Action/Thriller,2022,3.9156937192446004,2.7743754590952827
action_222,Action/Thriller,2021,3.777735619942393,2.7684524191780806
action_223,Action/Thriller,2024,3.362738050988175,2.426473204355146
action_224,Action/Thriller,2024,3.476447422166719,2.522975190628642
action_225,Action/Thriller,2025,2.9091097426254544,2.037991495779432
action_226,Action/Thriller,2024,4.358100671115486,3.0958458821203156
action_227,Action/Thriller,2020,3.6272677393134565,2.6809680493183325
action_228,Action/Thriller,2022,3.0340170880287674,2.146479738193887
action_229,Action/Thriller,2021,4.202057359718138,3.0568843574932183
action_230,Action/Thriller,2020,3.4558033757161533,2.5143833885714257
action_231,Action/Thriller,2020,3.8880584811199808,2.778329253898529
action_232,Action/Thriller,2025,4.573143547491083,3.246248964063345
action_233,Action/Thriller,2022,3.3762970996527804,2.4495779967435967
action_234,Action/Thriller,2020,3.7547849305264114,2.7338196310441347
action_235,Action/Thriller,2023,3.4708784249051847,2.532475779060887
action_236,Action/Thriller,2022,3.403141659896983,2.4425264233951287
action_237,Action/Thriller,2020,3.4969766869895,2.5678450210001924
action_238,Action/Thriller,2022,3.2554035092969373,2.367451471338673
action_239,Action/Thriller,2025,4.4870902199422,3.346320938517182
action_240,Action/Thriller,2021,3.6062645608054367,2.689280984315747
action_241,Action/Thriller,2023,3.5673521963677923,2.5598039923643383
action_242,Action/Thriller,2024,3.3199933588964003,2.413046801951781
action_243,Action/Thriller,2021,3.3266983749145367,2.5162834591031817
action_244,Action/Thriller,2024,3.64363246114388,2.7477183811283945
action_245,Action/Thriller,2021,4.330675897562645,3.1334113966412085
action_246,Action/Thriller,2025,4.02413585824764,2.9719708330094066
action_247,Action/Thriller,2021,3.823463319376745,2.7516579408849138
action_248,Action/Thriller,2021,3.1250932025188,2.2666002966683605
action_249,Action/Thriller,2023,3.4132245382636945,2.5715606277996486
action_250,Action/Thriller,2024,4.151058286016259,2.987408134345741
action_251,Action/Thriller,2025,3.9476702938096193,2.8540182441981736
action_252,Action/Thriller,2022,4.060049273207485,2.9193464264292723
action_253,Action/Thriller,2020,3.987861420041138,2.8880179657199574
action_254,Action/Thriller,2023,4.82664786093021,3.459281033468007
action_255,Action/Thriller,2024,4.113336022481923,2.9351799829342315
action_256,Action/Thriller,2020,3.8131105928352373,2.8592815389833293
action_257,Action/Thriller,2024,3.406420881365592,2.5177680720497095
action_258,Action/Thriller,2022,3.522407874407938,2.5443841481347658
action_259,Action/Thriller,2021,4.652436870593808,3.222932936812752
action_260,Action/Thriller,2023,3.7805366526073954,2.813355070782074
action_261,Action/Thriller,2024,3.079710052755598,2.1487973314013873
action_262,Action/Thriller,2020,4.822853309768618,3.4175455441611797
action_263,Action/Thriller,2024,3.4994850643264446,2.5078339572852455
action_264,Action/Thriller,2025,4.6676240024389255,3.4241839455658747
action_265,Action/Thriller,2023,3.095292993096715,2.2130077126816268
action_266,Action/Thriller,2020,4.226856600903007,3.1775268282370965
action_267,Action/Thriller,2025,4.794919495599747,3.5470486443454
action_268,Action/Thriller,2021,2.849988615828226,2.0937706344610003
action_269,Action/Thriller,2025,4.095029397459218,2.930073125913593
action_270,Action/Thriller,2025,2.899420579208791,2.242492221077444
action_271,Action/Thriller,2021,2.95899288322206,2.151636898462113
action_272,Action/Thriller,2024,2.900202075993466,2.13720824287123
action_273,Action/Thriller,2024,3.5964519349984365,2.5425559026067974
action_274,Action/Thriller,2021,2.9875805374131525,2.200639599296468
action_275,Action/Thriller,2020,3.867103843755932,2.747508392866508
action_276,Action/Thriller,2024,4.285107222772039,3.0295258627914623
action_277,Action/Thriller,2022,3.1031104043891826,2.284374838187667
action_278,Action/Thriller,2024,4.4965713567597145,3.2818761140126678
action_279,Action/Thriller,2023,4.40734856086481,3.239230688580583
action_280,Action/Thriller,2020,4.676052685546779,3.3722544179815195
action_281,Action/Thriller,2021,3.690616929797563,2.6729528222989853
action_282,Action/Thriller,2021,4.2588845633833,3.055064713033432
action_283,Action/Thriller,2022,3.098310381840386,2.337726799532075
action_284,Action/Thriller,2025,4.048734133662616,2.9302384418010434
action_285,Action/Thriller,2022,4.901727870804847,3.4620176245777303
action_286,Action/Thriller,2021,3.3651409855544228,2.4812511380335023
action_287,Action/Thriller,2023,3.1141936455169237,2.283645546750922
action_288,Action/Thriller,2023,4.0808398566308295,2.9056427272331597
action_289,Action/Thriller,2020,4.014613376744028,2.9315560588982654
action_290,Action/Thriller,2022,3.565668788306386,2.5694810598523254
action_291,Action/Thriller,2023,4.230800779012153,3.049357382428503
action_292,Action/Thriller,2022,3.7577496765126233,2.758486633496942
action_293,Action/Thriller,2022,4.048502442519711,2.930266600039691
action_294,Action/Thriller,2024,4.539853444365421,3.2849556387856857
action_295,Action/Thriller,2020,3.6271966863318053,2.5467953682962134
action_296,Action/Thriller,2022,3.0144196102809833,2.1901879698731404
action_297,Action/Thriller,2023,4.391918319735145,3.1474352016008416
action_298,Action/Thriller,2025,4.089855980821994,2.9404531883469702
action_299,Action/Thriller,2023,3.119813872666758,2.308091209775985
action_300,Action/Thriller,2025,4.5666214530382545,3.3485834176113203
action_301,Action/Thriller,2022,4.051513586611196,2.9836563786076824
action_302,Action/Thriller,2023,3.3884970747381975,2.4737042388782555
action_303,Action/Thriller,2020,2.9501081046090514,2.241443629598308
action_304,Action/Thriller,2020,2.8975794875858645,2.0701971216833517
action_305,Action/Thriller,2020,3.8854848369748165,2.777432339635797
action_306,Action/Thriller,2025,3.7537454391433784,2.757557315338392
action_307,Action/Thriller,2025,4.4808300735828865,3.2532428138857687
action_308,Action/Thriller,2021,3.949696973116948,2.847690532876392
action_309,Action/Thriller,2022,3.6356558671483343,2.732183975806045
action_310,Action/Thriller,2024,3.1671459788695984,2.295568036834153
action_311,Action/Thriller,2025,3.230989318134874,2.3334930039157666
action_312,Action/Thriller,2024,4.037608889012919,2.930337038972672
action_313,Action/Thriller,2022,3.6677514396992796,2.5865006575169374
action_314,Action/Thriller,2021,4.533541068212132,3.4237763044444796
action_315,Action/Thriller,2022,4.680431343784432,3.379920149772084
action_316,Action/Thriller,2022,3.812960605548936,2.848080137817533
action_317,Action/Thriller,2024,2.977612077218937,2.205494075867868
action_318,Action/Thriller,2020,3.8487369445546404,2.781438246643599
action_319,Action/Thriller,2024,3.714993133390643,2.706664959272401
action_320,Action/Thriller,2021,3.300172665059057,2.325016802077134
action_321,Action/Thriller,2021,2.950107817835015,2.1432800198478765
action_322,Action/Thriller,2021,3.0586295549725473,2.2416600923398087
action_323,Action/Thriller,2023,3.9375192857822285,2.8782131495459216
action_324,Action/Thriller,2023,3.4281642124171334,2.4785124502989015
action_325,Action/Thriller,2025,4.839429747714042,3.4289745129403206
action_326,Action/Thriller,2024,4.8691227598652524,3.580220368197171
action_327,Action/Thriller,2023,3.9075007402676083,2.872795345954223
action_328,Action/Thriller,2025,3.013793878266078,2.1634840474724673
action_329,Action/Thriller,2023,3.8082059357485387,2.726917318305292
action_330,Action/Thriller,2020,3.8924743008679243,2.832059307172524
action_331,Action/Thriller,2023,3.2307205632775275,2.387742982153135
action_332,Action/Thriller,2023,4.072768084366957,2.88829956406995
action_333,Action/Thriller,2020,4.42256553716861,3.194471244596551
action_334,Action/Thriller,2021,2.935612482174878,2.2262179747490314
action_335,Action/Thriller,2025,3.110872867646544,2.266677855508793
action_336,Action/Thriller,2020,3.777772911167887,2.7671175970873305
action_337,Action/Thriller,2025,4.962661273094304,3.5524284016574224
action_338,Action/Thriller,2022,4.478640953566613,3.205053653133996
action_339,Action/Thriller,2025,3.7228444337467206,2.7673707152230467
action_340,Action/Thriller,2025,3.9224811045413737,2.8378081037003255
action_341,Action/Thriller,2022,3.506453690828531,2.554144136092641
action_342,Action/Thriller,2022,4.4328324199119,3.2153873689991026
action_343,Action/Thriller,2024,3.7825960033320536,2.7812132823816547
action_344,Action/Thriller,2023,4.597657748786332,3.3120870454931177
action_345,Action/Thriller,2020,2.9458840618183806,2.1254047349858847
action_346,Action/Thriller,2023,2.9787877245761893,2.1697739348886653
action_347,Action/Thriller,2025,3.116640389188787,2.294762895295863
action_348,Action/Thriller,2020,3.2569808120566877,2.374595206668195
action_349,Action/Thriller,2022,4.54529103409217,3.3470908054486257
action_350,Action/Thriller,2023,3.7149893662809124,2.709683355598491
action_351,Action/Thriller,2023,2.9169915749249813,2.1886391015977757
action_352,Action/Thriller,2024,3.5058724436197877,2.5400334189139926
action_353,Action/Thriller,2025,4.215503704866531,3.051615444871708
action_354,Action/Thriller,2020,2.923951676579114,2.170007706379214
action_355,Action/Thriller,2021,3.4904694982652487,2.562001933309134
action_356,Action/Thriller,2021,4.342019679302449,3.2960333230780012
action_357,Action/Thriller,2021,3.2603586966995075,2.3850013764112212
action_358,Action/Thriller,2021,4.94370945255853,3.522325110917909
action_359,Action/Thriller,2025,4.104929313692196,2.8904267258452756
action_360,Action/Thriller,2025,3.0030987009873,2.1978126765014436
action_361,Action/Thriller,2021,3.930505899520951,2.8536510298955315
action_362,Action/Thriller,2025,4.170285600130394,3.0042402976622555
action_363,Action/Thriller,2021,2.825259157054136,2.0225951085172724
action_364,Action/Thriller,2025,2.8970807023472434,2.0762057822523436
action_365,Action/Thriller,2023,3.284695991720136,2.3905524785792482
action_366,Action/Thriller,2023,3.1097985737851244,2.291207505370492
action_367,Action/Thriller,2020,3.1663681557432524,2.321606366349358
action_368,Action/Thriller,2020,3.995456370226693,2.9270769991715806
action_369,Action/Thriller,2020,3.8590356026936967,2.842909596210545
action_370,Action/Thriller,2021,4.092439800702343,3.012880718236747
action_371,Action/Thriller,2022,3.7718336434768984,2.8120244351970527
action_372,Action/Thriller,2025,4.289820672507259,3.1732585936187667
action_373,Action/Thriller,2022,4.243987718856752,3.04083049744386
action_374,Action/Thriller,2022,3.1126329420104026,2.1750437671789897
action_375,Action/Thriller,2020,4.689779138772841,3.4499623481924986
action_376,Action/Thriller,2024,3.3267198419714092,2.3824435652839515
action_377,Action/Thriller,2020,3.3124121645378573,2.450537417650244
action_378,Action/Thriller,2024,4.009217353214488,2.9030346897190706
action_379,Action/Thriller,2020,3.562444035658795,2.5044242993626655
action_380,Action/Thriller,2021,4.220935347355318,2.953993601514653
action_381,Action/Thriller,2020,3.49809383942067,2.589142888276989
action_382,Action/Thriller,2021,3.5574571339145913,2.6187210580262423
action_383,Action/Thriller,2022,3.5049655936789663,2.546876368780738
action_384,Action/Thriller,2024,4.780247433799748,3.5139686783690487
action_385,Action/Thriller,2024,4.062939250936895,2.950154723671589
action_386,Action/Thriller,2023,4.24174690861311,3.1576834739830995
action_387,Action/Thriller,2022,3.8513409811081027,2.861026824206509
action_388,Action/Thriller,2023,4.355841917221439,3.164248219472853
action_389,Action/Thriller,2024,3.8599358621334976,2.834117397087501
action_390,Action/Thriller,2024,3.09716042368093,2.2451449301096664
action_391,Action/Thriller,2020,2.931436765087892,2.225030217489241
action_392,Action/Thriller,2023,4.22793770599709,3.231574637092379
action_393,Action/Thriller,2024,3.451125751415111,2.4961781839149086
action_394,Action/Thriller,2023,4.096364127756092,3.0343846011960625
action_395,Action/Thriller,2023,3.7391547972752415,2.677015889614871
action_396,Action/Thriller,2021,3.3589470667002597,2.4015832489774938
action_397,Action/Thriller,2022,3.5117504210875143,2.5334423698791335
action_398,Action/Thriller,2020,3.504034413554175,2.60585592106873
action_399,Action/Thriller,2024,4.239821896974893,3.0470691002705226
action_400,Action/Thriller,2023,4.440511672943815,3.2560716744104035
action_401,Action/Thriller,2022,4.488619740820011,3.2559309749135874
action_402,Action/Thriller,2021,3.4936165341999743,2.5936903556869084
action_403,Action/Thriller,2025,3.933935046226368,2.9091873133737858
action_404,Action/Thriller,2023,3.6586086486640284,2.641932862462381
action_405,Action/Thriller,2024,3.78898413658082,2.7682870580890477
action_406,Action/Thriller,2021,3.1504012605146077,2.2791400517383114
action_407,Action/Thriller,2023,3.027193316553305,2.2159987537786545
action_408,Action/Thriller,2023,4.4800059115551125,3.3000605083145222
action_409,Action/Thriller,2021,4.6413940161295475,3.3415162736751727
action_410,Action/Thriller,2020,3.6653910770068876,2.7181720769911037
action_411,Action/Thriller,2023,4.5317860966754235,3.223848310895415
action_412,Action/Thriller,2021,4.785113942275211,3.542663010949922
action_413,Action/Thriller,2022,3.4729480099933006,2.4783175861054882
action_414,Action/Thriller,2021,3.724302897463955,2.6521843036853303
action_415,Action/Thriller,2021,4.43276167434601,3.1986749607488583
action_416,Action/Thriller,2022,4.5700125725488165,3.3579522786530522
action_417,Action/Thriller,2023,3.435914025423084,2.440586634183662
action_418,Action/Thriller,2023,2.984431970979099,2.182980146366309
action_419,Action/Thriller,2020,3.776961343539588,2.643661983108745
action_420,Action/Thriller,2022,3.7697939660140833,2.698538879477323
action_421,Action/Thriller,2023,3.010764642739818,2.162740798399094
action_422,Action/Thriller,2023,3.1396077463124805,2.3019506061923933
action_423,Action/Thriller,2020,4.701006019083953,3.3603232171166533
action_424,Action/Thriller,2021,3.293214452345414,2.4748248918656572
action_425,Action/Thriller,2023,3.876886075351074,2.751831094857656
action_426,Action/Thriller,2021,2.981714971097547,2.1372343184136806
action_427,Action/Thriller,2020,4.084561660149638,3.026356268623138
action_428,Action/Thriller,2024,4.265012466799256,3.0483062306115145
action_429,Action/Thriller,2022,4.071128225845495,3.0032422778602594
action_430,Action/Thriller,2020,4.386088236661436,3.3108585170006215
action_431,Action/Thriller,2023,3.1251457852318776,2.3001714243643443
action_432,Action/Thriller,2025,4.677349281770894,3.4765709928824906
action_433,Action/Thriller,2023,2.9858844948508847,2.1614532698151017
action_434,Action/Thriller,2025,3.9838055626171713,2.8422362768320726
action_435,Action/Thriller,2023,3.0642158996984725,2.288076738798287
action_436,Action/Thriller,2025,4.945787689051713,3.4914490867406984
action_437,Action/Thriller,2020,4.580893619873556,3.2855676862702428
action_438,Action/Thriller,2023,3.0575755141063827,2.2170728481434265
action_439,Action/Thriller,2020,3.389969653440892,2.4932929990378487
action_440,Action/Thriller,2022,3.9861536346701687,2.8999845253353707
action_441,Action/Thriller,2020,3.308077820981196,2.4520779961827444
action_442,Action/Thriller,2021,4.326154950497238,3.0443452820579733
action_443,Action/Thriller,2022,3.6897200496385576,2.718845307218837
action_444,Action/Thriller,2022,3.9903135618990877,3.0020587860225665
action_445,Action/Thriller,2023,4.720504545648574,3.3734671012052257
action_446,Action/Thriller,2025,3.4351330605047607,2.472869039906718
action_447,Action/Thriller,2021,3.2733680088433,2.383700962935844
action_448,Action/Thriller,2024,3.9376674829528553,2.8984220920208683
action_449,Action/Thriller,2022,3.9647998437049585,2.9165241865029197
action_450,Action/Thriller,2024,4.453220580631695,3.1822232929362286
action_451,Action/Thriller,2023,4.123089686535757,3.0419730130663463
action_452,Action/Thriller,2025,3.813034289204811,2.7838802558445424
action_453,Action/Thriller,2023,3.213935649291503,2.4202348324599416
action_454,Action/Thriller,2020,2.948193197632947,2.0994523720795715
action_455,Action/Thriller,2023,3.7790880093742594,2.7052967424769445
action_456,Action/Thriller,2022,3.461636635177634,2.511969081433478
action_457,Action/Thriller,2023,3.6535891157472005,2.6779422935555983
action_458,Action/Thriller,2024,3.985047030805404,2.8812372156616375
action_459,Action/Thriller,2022,4.4397830563928045,3.207221921558077
action_460,Action/Thriller,2021,2.982154844505412,2.2062911864610077
action_461,Action/Thriller,2024,3.5588481645418684,2.607311113990229
action_462,Action/Thriller,2024,4.785583145271957,3.4547244057770574
action_463,Action/Thriller,2025,4.018716716918048,2.821899617310004
action_464,Action/Thriller,2021,4.160521279037433,3.052426909291241
action_465,Action/Thriller,2025,3.2352920278696677,2.3431772026280213
action_466,Action/Thriller,2024,3.3456045507988534,2.437692386850565
action_467,Action/Thriller,2021,2.95357938488069,2.252683005951485
action_468,Action/Thriller,2022,4.073621565350368,2.9795640890519084
action_469,Action/Thriller,2024,3.386417253761485,2.447408889532303
action_470,Action/Thriller,2022,3.614041507873479,2.6138726439567828
action_471,Action/Thriller,2021,4.036134335866015,3.017553119501111
action_472,Action/Thriller,2023,4.6140719379405555,3.313961578054423
action_473,Action/Thriller,2022,3.1359907449777453,2.3226178908795507
action_474,Action/Thriller,2022,4.403202759317249,3.3135278394103747
action_475,Action/Thriller,2023,3.2798531081912516,2.379154379373373
action_476,Action/Thriller,2023,3.790763292246348,2.734647417647488
action_477,Action/Thriller,2022,4.39558960277561,3.263285237923985
action_478,Action/Thriller,2021,3.4582285288746233,2.5479820807502054
action_479,Action/Thriller,2021,4.444395751802447,3.185259887867241
action_480,Action/Thriller,2022,4.459907879076548,3.205265113307419
action_481,Action/Thriller,2025,4.107264932109146,2.9309774987506
action_482,Action/Thriller,2022,3.947684327489562,2.847657091320711
action_483,Action/Thriller,2023,4.478047076581497,3.257502335493813
action_484,Action/Thriller,2025,3.5029630655264645,2.553846146215771
action_485,Action/Thriller,2021,4.076464289704991,3.0162363113292088
action_486,Action/Thriller,2022,3.6377621627575207,2.6434278098430726
action_487,Action/Thriller,2023,4.650787446635153,3.392878690858986
action_488,Action/Thriller,2024,3.1267633448893544,2.291031341258763
action_489,Action/Thriller,2024,4.969507310694133,3.5787145077384244
action_490,Action/Thriller,2024,4.814220446645421,3.495286571124113
action_491,Action/Thriller,2024,4.718730730070866,3.406871195046371
action_492,Action/Thriller,2020,4.783557709665548,3.3702224434940407
action_493,Action/Thriller,2020,3.9389281585542006,2.916399664434767
action_494,Action/Thriller,2022,4.42558608988881,3.2003397928606554
action_495,Action/Thriller,2022,3.5573696621725026,2.540809972461301
action_496,Action/Thriller,2021,4.076292968631982,2.925031629034935
action_497,Action/Thriller,2025,4.399921444197302,3.2062364014302793
action_498,Action/Thriller,2021,3.2255744028647606,2.3913897894992826
action_499,Action/Thriller,2020,3.858626353395473,2.801766665599338
drama_0,Drama/Indie,2022,10.016091281251112,6.713462145215279
drama_1,Drama/Indie,2020,10.240471214895585,6.498047957753
drama_2,Drama/Indie,2022,8.067067561601611,5.364638823193583
drama_3,Drama/Indie,2023,7.277517362888163,4.875656685123336
drama_4,Drama/Indie,2025,6.1464423116780775,4.199601188295164
drama_5,Drama/Indie,2023,6.656371951900124,4.5244573386050915
drama_6,Drama/Indie,2021,8.590373289995949,5.706460448432697
drama_7,Drama/Indie,2025,10.121815296228878,6.712965609218584
drama_8,Drama/Indie,2025,7.52162954150205,4.974024362959067
drama_9,Drama/Indie,2022,7.270972711439904,4.8045140186459125
drama_10,Drama/Indie,2023,8.191080545695563,5.389343993349408
drama_11,Drama/Indie,2021,7.950587033190683,5.588412643759888
drama_12,Drama/Indie,2022,10.315589100899297,6.885807502776834
drama_13,Drama/Indie,2021,10.128122939425026,6.831973218035002
drama_14,Drama/Indie,2025,9.206447980881203,6.076192852389955
drama_15,Drama/Indie,2023,8.726536319054393,5.75346351689246
drama_16,Drama/Indie,2022,7.487782966160139,5.177527668249792
drama_17,Drama/Indie,2022,8.101806194669239,5.556669673045949
drama_18,Drama/Indie,2025,6.709329035936824,4.45569293158838
drama_19,Drama/Indie,2023,8.425175456547247,5.825281431112185
drama_20,Drama/Indie,2024,7.632512641897188,5.048168054395296
drama_21,Drama/Indie,2021,8.360981710987136,5.738028049280205
drama_22,Drama/Indie,2023,8.450469166517264,5.832954783674657
drama_23,Drama/Indie,2025,7.507170439403792,5.118953898365198
drama_24,Drama/Indie,2020,8.670883139629424,5.977146013529154
drama_25,Drama/Indie,2021,8.725854269764918,6.009357524103681
drama_26,Drama/Indie,2024,9.297489068607614,6.144070538056912
drama_27,Drama/Indie,2020,7.335162906250699,5.077615261573213
drama_28,Drama/Indie,2025,10.283840444809975,6.731351452157275
drama_29,Drama/Indie,2021,9.303612549554975,6.510421364224081
drama_30,Drama/Indie,2021,10.208436660149287,6.945020274218179
drama_31,Drama/Indie,2021,9.355923283917175,6.062961643581676
drama_32,Drama/Indie,2023,9.467224041366261,6.157504675936999
drama_33,Drama/Indie,2021,10.383910420802327,6.797927365404284
drama_34,Drama/Indie,2023,10.38526016661741,7.012404324304592
drama_35,Drama/Indie,2025,7.584579494397617,5.017928083395574
drama_36,Drama/Indie,2020,6.780294775087707,4.434818835370531
drama_37,Drama/Indie,2024,6.567838429535043,4.319928396941743
drama_38,Drama/Indie,2022,7.230008821080656,4.806084281344789
drama_39,Drama/Indie,2024,7.5141383495177525,4.958561054255288
drama_40,Drama/Indie,2020,10.011919991455406,6.633120001825137
drama_41,Drama/Indie,2021,8.011165215839611,5.552038759461609
drama_42,Drama/Indie,2020,7.8511818941899225,5.139743812042942
drama_43,Drama/Indie,2023,8.467465916164748,5.635807116937931
drama_44,Drama/Indie,2021,8.450964978986603,5.834338573203901
drama_45,Drama/Indie,2021,10.053936518616235,6.735424756369751
drama_46,Drama/Indie,2021,6.762245533879144,4.498168996590708
drama_47,Drama/Indie,2021,9.112393073581284,6.136854269171016
drama_48,Drama/Indie,2021,7.695215517501879,5.044258607753939
drama_49,Drama/Indie,2020,8.424773531129743,5.5376955548492095
drama_50,Drama/Indie,2022,7.129382063905249,4.7764443088478945
drama_51,Drama/Indie,2023,8.216650302691882,5.773352839760331
drama_52,Drama/Indie,2022,7.728898587893058,5.153438649808047
drama_53,Drama/Indie,2020,6.665065976495389,4.523135439549419
drama_54,Drama/Indie,2024,7.472331314815644,4.7782690914812695
drama_55,Drama/Indie,2022,10.081445995190208,6.702411540895818
drama_56,Drama/Indie,2022,8.466960988633415,5.856950690174561
drama_57,Drama/Indie,2024,10.128536114062127,6.672683386665777
drama_58,Drama/Indie,2021,8.965285486254267,6.057167624770078
drama_59,Drama/Indie,2020,9.952016617913634,6.387466384213961
drama_60,Drama/Indie,2025,10.187214713219127,6.496407618835542
drama_61,Drama/Indie,2024,7.055715331220553,4.893713916332597
drama_62,Drama/Indie,2022,10.227317507928575,6.7898193032842515
drama_63,Drama/Indie,2021,10.374114760054121,6.597553973627371
drama_64,Drama/Indie,2025,6.979304896215715,4.75336059149003
drama_65,Drama/Indie,2022,9.13754167358674,6.2227757225815346
drama_66,Drama/Indie,2024,6.220001215237773,4.0649156593515094
drama_67,Drama/Indie,2022,7.247202265362373,5.005758716874379
drama_68,Drama/Indie,2023,9.267145710192422,6.1597596018577665
drama_69,Drama/Indie,2020,6.169632429232202,4.334591409380257
drama_70,Drama/Indie,2022,9.409775401793025,6.1659000325408915
drama_71,Drama/Indie,2022,6.464138397515892,4.4333227243914965
drama_72,Drama/Indie,2024,8.690512516231719,6.0760610581047
drama_73,Drama/Indie,2024,6.0289382416084125,4.1601445695762065
drama_74,Drama/Indie,2020,6.688902607890603,4.520764224392776
drama_75,Drama/Indie,2021,9.781085858099965,6.677545359169027
drama_76,Drama/Indie,2020,6.535787047830745,4.054322175805462
drama_77,Drama/Indie,2022,8.764274605561576,6.223342432780504
drama_78,Drama/Indie,2024,7.863311451355371,5.4444369642505
drama_79,Drama/Indie,2024,9.063583173738817,6.258967122368912
drama_80,Drama/Indie,2024,10.12593041053883,6.652435126784248
drama_81,Drama/Indie,2022,9.888691437874437,6.59640267204759
drama_82,Drama/Indie,2022,7.18601742058376,4.718476754283417
drama_83,Drama/Indie,2022,10.290788752567614,6.85943382090134
drama_84,Drama/Indie,2024,8.180086542744139,5.731557972775474
drama_85,Drama/Indie,2025,7.871313111000438,5.242406469494263
drama_86,Drama/Indie,2022,7.328711569192742,4.856063441826471
drama_87,Drama/Indie,2022,7.072240059268389,4.7295245527111405
drama_88,Drama/Indie,2022,6.232445808415033,4.174600999151498
drama_89,Drama/Indie,2023,10.136747482304218,6.91440112785634
drama_90,Drama/Indie,2025,7.359737446928216,4.935067797779381
drama_91,Drama/Indie,2025,10.188671304031708,7.117776786735115
drama_92,Drama/Indie,2022,9.060805785213091,6.201686146689302
drama_93,Drama/Indie,2022,9.71002750327689,6.401168130326816
drama_94,Drama/Indie,2025,10.244215429281706,6.669424843369377
drama_95,Drama/Indie,2023,6.40120532179981,4.181525422843029
drama_96,Drama/Indie,2024,9.220024755197546,6.035704479153539
drama_97,Drama/Indie,2023,9.335035017021527,6.2658199202252645
drama_98,Drama/Indie,2020,9.930332301834973,6.790239556274637
drama_99,Drama/Indie,2024,8.183997899343746,5.398491097345298
drama_100,Drama/Indie,2023,8.717485932890467,5.4399221945029685
drama_101,Drama/Indie,2022,9.868581408109423,6.574887187863875
drama_102,Drama/Indie,2021,10.428398305164722,6.800335734697201
drama_103,Drama/Indie,2024,7.105796611844923,4.903934838497992
drama_104,Drama/Indie,2025,6.82520522437298,4.52401076729053
drama_105,Drama/Indie,2025,10.388601095632845,6.7962566685626085
drama_106,Drama/Indie,2020,7.530976426145636,4.89029035213332
drama_107,Drama/Indie,2025,8.072311768310477,5.387921411900136
drama_108,Drama/Indie,2021,6.481057593009438,4.2048876041189125
drama_109,Drama/Indie,2021,8.127174992967591,5.439647362836421
drama_110,Drama/Indie,2021,10.873116563430305,7.064223724839449
drama_111,Drama/Indie,2021,7.264015414245713,4.713571535726513
drama_112,Drama/Indie,2021,6.123367241083108,4.162103956650013
drama_113,Drama/Indie,2021,9.28871974300574,6.416976923697307
drama_114,Drama/Indie,2020,8.063667150601708,5.323669980483793
drama_115,Drama/Indie,2022,9.448866319683669,6.662119911821351
drama_116,Drama/Indie,2025,6.195802358851905,4.326250455746371
drama_117,Drama/Indie,2023,8.669494284516087,5.868262854461073
drama_118,Drama/Indie,2025,7.398287567292019,4.850374404382749
drama_119,Drama/Indie,2024,9.79738740513385,6.469276980922377
drama_120,Drama/Indie,2021,7.876787481206812,5.032939744638114
drama_121,Drama/Indie,2025,9.328559207734227,6.349169410307396
drama_122,Drama/Indie,2020,9.826611436529157,6.790871017661216
drama_123,Drama/Indie,2023,6.192814985957255,4.360549947123133
drama_124,Drama/Indie,2021,7.187788352258895,5.013874949546749
drama_125,Drama/Indie,2022,10.371665362543883,7.0523961489646085
drama_126,Drama/Indie,2022,6.790376614043599,4.437677461031244
drama_127,Drama/Indie,2022,6.635447477572608,4.231628823918928
drama_128,Drama/Indie,2025,8.015591873421302,5.318059020942146
drama_129,Drama/Indie,2024,10.254740758525589,6.669758497835456
drama_130,Drama/Indie,2023,8.745242601852766,5.826432264281064
drama_131,Drama/Indie,2025,6.899815289906474,4.445589134687042
drama_132,Drama/Indie,2025,6.039446701366653,4.266686560834433
drama_133,Drama/Indie,2024,9.453879148520087,6.434113463819127
drama_134,Drama/Indie,2024,7.602142359961859,4.960478602027415
drama_135,Drama/Indie,2023,6.530990750427257,4.6997706137304105
drama_136,Drama/Indie,2022,9.370786964668527,6.484315591891349
drama_137,Drama/Indie,2021,9.642666088123153,6.369605641386107
drama_138,Drama/Indie,2024,9.458516201185878,6.456771970926427
drama_139,Drama/Indie,2025,6.544939995694894,4.250153644885563
drama_140,Drama/Indie,2024,6.818339142697021,4.582665466338259
drama_141,Drama/Indie,2022,9.925527353420067,6.672551287649105
drama_142,Drama/Indie,2025,9.57849334218301,6.537557368148263
drama_143,Drama/Indie,2025,9.460274366281132,6.3710858968152255
drama_144,Drama/Indie,2021,9.77364152921041,6.8264145305571455
drama_145,Drama/Indie,2021,9.565112694352655,6.140642539382213
drama_146,Drama/Indie,2022,7.348468149585116,4.781292311543005
drama_147,Drama/Indie,2025,6.5004341911960815,4.21117496293269
drama_148,Drama/Indie,2021,9.53909384935486,6.208315286452393
drama_149,Drama/Indie,2022,7.67259930529804,5.031659845513869
drama_150,Drama/Indie,2022,8.485935179218531,5.528550062996322
drama_151,Drama/Indie,2020,6.30726789627195,4.349091796849431
drama_152,Drama/Indie,2023,9.166449208557134,6.277600326913529
drama_153,Drama/Indie,2022,7.231521197802533,4.8267411353832355
drama_154,Drama/Indie,2024,6.798858307254501,4.505926367238503
drama_155,Drama/Indie,2024,9.19685084877607,6.115267438296778
drama_156,Drama/Indie,2021,9.468940942782273,6.486232703112463
drama_157,Drama/Indie,2020,8.897825704706568,6.2213971287417795
drama_158,Drama/Indie,2023,10.232348039832228,6.646253435007094
drama_159,Drama/Indie,2025,8.77962666250548,5.9967563180224435
drama_160,Drama/Indie,2022,9.13842682398662,6.14754323177557
drama_161,Drama/Indie,2021,8.059823143508105,5.422359803190707
drama_162,Drama/Indie,2025,10.067722642623044,6.6487458767824705
drama_163,Drama/Indie,2022,8.658516662422345,5.675696932186775
drama_164,Drama/Indie,2023,9.410246002353045,6.241358458307483
drama_165,Drama/Indie,2023,8.097472617702369,5.324446055856702
drama_166,Drama/Indie,2022,9.71445824724394,6.487103354306403
drama_167,Drama/Indie,2021,6.95933073307264,4.697975903066717
drama_168,Drama/Indie,2020,7.465447631666823,5.104680627008539
drama_169,Drama/Indie,2022,8.520006373260408,5.73645906146093
drama_170,Drama/Indie,2020,8.867806501160313,6.033543599029983
drama_171,Drama/Indie,2021,9.531052200218005,6.319527405164772
drama_172,Drama/Indie,2025,9.367447652811716,6.0885900820658
drama_173,Drama/Indie,2024,8.707132577978877,5.664578229748072
drama_174,Drama/Indie,2020,9.487162080333142,6.290786225345773
drama_175,Drama/Indie,2021,6.761510483082741,4.458595700154193
drama_176,Drama/Indie,2021,8.464213187644162,5.369079742551295
drama_177,Drama/Indie,2022,7.009752992303691,4.625943758602774
drama_178,Drama/Indie,2021,7.588620609303672,5.156557079853879
drama_179,Drama/Indie,2022,6.2813171426870635,4.085705086570548
drama_180,Drama/Indie,2022,6.504072189515734,4.253850061204084
drama_181,Drama/Indie,2020,7.442774651824292,5.0803232087992765
drama_182,Drama/Indie,2020,6.8058323445034405,4.56765829202892
drama_183,Drama/Indie,2025,8.971975341517087,6.040217222545656
drama_184,Drama/Indie,2022,6.345037410051263,4.241900058200413
drama_185,Drama/Indie,2022,6.2581304268003155,4.2373045310596975
drama_186,Drama/Indie,2020,9.52925745679094,6.065575867323389
drama_187,Drama/Indie,2024,7.322448935495058,4.87426880632131
drama_188,Drama/Indie,2023,8.305748484170678,5.676450037513208
drama_189,Drama/Indie,2021,10.133722417097752,6.3355034214424295
drama_190,Drama/Indie,2024,7.842389701325598,5.327160514668379
drama_191,Drama/Indie,2024,9.738450990069468,6.625054726080824
drama_192,Drama/Indie,2021,9.600060538816601,6.445244189031715
drama_193,Drama/Indie,2020,7.862279478968748,5.304867655584317
drama_194,Drama/Indie,2020,7.867853270840126,5.180906404725215
drama_195,Drama/Indie,2023,6.1184862362158,4.273357108589811
drama_196,Drama/Indie,2025,8.58373027333827,5.77664901836088
drama_197,Drama/Indie,2023,8.447490891679267,5.549748948901543
drama_198,Drama/Indie,2020,7.191888823024309,4.836183551604233
drama_199,Drama/Indie,2024,6.001500791165564,3.9945073246469254
drama_200,Drama/Indie,2020,8.988922255524201,5.9644130386861045
drama_201,Drama/Indie,2023,6.516694757218091,4.349523596040831
drama_202,Drama/Indie,2024,10.253913183213907,7.150961557505996
drama_203,Drama/Indie,2021,8.735688154508274,5.769591568937599
drama_204,Drama/Indie,2020,8.931145160728393,5.856791827271232
drama_205,Drama/Indie,2022,6.832398331734491,4.615827016332794
drama_206,Drama/Indie,2025,6.860858382485717,4.397436823610171
drama_207,Drama/Indie,2023,8.629254805288312,5.950618513692855
drama_208,Drama/Indie,2025,7.815749950319255,5.135918338795525
drama_209,Drama/Indie,2025,10.472742303447028,6.723444222231606
drama_210,Drama/Indie,2020,9.847810684971861,6.717925896424818
drama_211,Drama/Indie,2024,7.026055997505594,4.70677422508316
drama_212,Drama/Indie,2023,8.204382229680437,5.468808613114888
drama_213,Drama/Indie,2021,8.128996376629237,5.359103184943549
drama_214,Drama/Indie,2023,9.663001932637304,6.378310920128073
drama_215,Drama/Indie,2020,6.171259933483907,4.234044907490617
drama_216,Drama/Indie,2020,5.820033086312612,3.798021055811715
drama_217,Drama/Indie,2021,10.101868853560303,6.754294709255647
drama_218,Drama/Indie,2024,6.039857666328419,4.097685266196826
drama_219,Drama/Indie,2024,8.686199705956877,5.693320054791079
drama_220,Drama/Indie,2023,8.727189410803184,5.613345227933871
drama_221,Drama/Indie,2024,6.324601719537215,4.221492646094902
drama_222,Drama/Indie,2024,6.242113454442353,4.350566481743356
drama_223,Drama/Indie,2021,7.343615333668021,4.829500293873489
drama_224,Drama/Indie,2022,7.450096797989831,4.866942869540823
drama_225,Drama/Indie,2022,6.518015754006551,4.293408109497889
drama_226,Drama/Indie,2022,8.484752705101705,5.593702398160237
drama_227,Drama/Indie,2023,9.035570310292254,5.839793464982685
drama_228,Drama/Indie,2020,7.351728676218327,4.706502101038652
drama_229,Drama/Indie,2025,10.304936126498637,6.904795622079357
drama_230,Drama/Indie,2025,7.766872164477077,5.038704111988235
drama_231,Drama/Indie,2025,7.707962710680251,5.170496575140458
drama_232,Drama/Indie,2021,7.067844845678297,4.867877807708412
drama_233,Drama/Indie,2023,10.103848002597788,6.447877425102857
drama_234,Drama/Indie,2020,6.483426427042221,4.454523270696307
drama_235,Drama/Indie,2022,7.404515082885972,4.957633105985159
drama_236,Drama/Indie,2021,7.543589001203368,5.08730291137733
drama_237,Drama/Indie,2025,6.944975638570978,4.56867802552554
drama_238,Drama/Indie,2025,7.96606191475256,5.359474687038633
drama_239,Drama/Indie,2024,7.331457409088983,5.025284329626327
drama_240,Drama/Indie,2023,9.498825323504954,6.277985641871535
drama_241,Drama/Indie,2022,10.139905460480382,7.046174548296389
drama_242,Drama/Indie,2025,6.753227105264341,4.319106440932013
drama_243,Drama/Indie,2023,6.713859307769869,4.623347388598736
drama_244,Drama/Indie,2024,6.119808746360128,3.9591334702294563
drama_245,Drama/Indie,2024,7.594153868980738,5.0063020537543546
drama_246,Drama/Indie,2021,8.00318524428611,5.451173436233587
drama_247,Drama/Indie,2022,8.131578202700506,5.468846568086045
drama_248,Drama/Indie,2024,7.094050073234053,4.856466848116503
drama_249,Drama/Indie,2024,6.559133561301108,4.316899920284954
drama_250,Drama/Indie,2023,7.014651161838985,4.722926208439014
drama_251,Drama/Indie,2022,7.826181524865672,5.19714431315208
drama_252,Drama/Indie,2022,8.766335692010795,5.702580692887585
drama_253,Drama/Indie,2021,10.099514954016517,6.865802828287089
drama_254,Drama/Indie,2020,6.03694323506324,3.978737787900602
drama_255,Drama/Indie,2022,7.80297825201326,5.211702614718423
drama_256,Drama/Indie,2023,6.789889674362873,4.657189092762087
drama_257,Drama/Indie,2025,7.157245152312138,4.89954011935121
drama_258,Drama/Indie,2023,7.592516750755655,4.8666792316887015
drama_259,Drama/Indie,2024,8.282230259757508,5.603698148998076
drama_260,Drama/Indie,2021,8.477041709179934,5.448148417117938
drama_261,Drama/Indie,2023,6.274200105512092,4.28457296021356
drama_262,Drama/Indie,2022,7.641875045348191,5.138335170520216
drama_263,Drama/Indie,2020,7.144362112487454,4.4511058477739684
drama_264,Drama/Indie,2022,9.894613971853083,6.56235586904941
drama_265,Drama/Indie,2021,9.609368456600073,6.68186696256026
drama_266,Drama/Indie,2022,8.5823088786278,5.873044328830996
drama_267,Drama/Indie,2024,6.549347562650559,4.323974441418249
drama_268,Drama/Indie,2023,6.4269677431613825,4.267207911491698
drama_269,Drama/Indie,2024,8.956942418082898,5.868159046618954
drama_270,Drama/Indie,2025,8.627178062737489,5.852566852122929
drama_271,Drama/Indie,2025,8.890026564244256,6.049013730159704
drama_272,Drama/Indie,2025,9.27976747279568,6.327257917150996
drama_273,Drama/Indie,2022,8.169819877580844,5.409053442643509
drama_274,Drama/Indie,2021,6.847984402333912,4.65599232118114
drama_275,Drama/Indie,2021,8.802671471566557,6.180963617125086
drama_276,Drama/Indie,2024,10.011264528309395,6.810115090948176
drama_277,Drama/Indie,2023,5.871683544934931,4.15931749067148
drama_278,Drama/Indie,2025,6.942370765152426,4.665560653890747
drama_279,Drama/Indie,2024,10.171438466248185,6.946290084380253
drama_280,Drama/Indie,2022,8.1252080609729,5.455771178268607
drama_281,Drama/Indie,2021,8.492388261084212,5.807715595386958
drama_282,Drama/Indie,2023,6.867757413159291,4.593393736955547
drama_283,Drama/Indie,2023,7.301453514228835,4.997971513318557
drama_284,Drama/Indie,2020,7.598302754872019,5.299986245079361
drama_285,Drama/Indie,2020,6.388377965000822,4.25985327392196
drama_286,Drama/Indie,2021,6.9184328872280165,4.641067453475131
drama_287,Drama/Indie,2023,9.289430077124807,6.279432440210705
drama_288,Drama/Indie,2023,6.634456660904002,4.3874073451477695
drama_289,Drama/Indie,2021,6.470954086337274,4.3024459703155244
drama_290,Drama/Indie,2023,6.956827529214182,4.458534431411006
drama_291,Drama/Indie,2025,6.544529115181572,4.4205874425889915
drama_292,Drama/Indie,2025,8.16487808811969,5.475401307892558
drama_293,Drama/Indie,2024,7.869034393571106,5.292130171574918
drama_294,Drama/Indie,2024,8.913568318621094,6.170376841044763
drama_295,Drama/Indie,2023,9.845412075901114,6.526362348478592
drama_296,Drama/Indie,2021,8.387967552432004,5.432517357445493
drama_297,Drama/Indie,2024,6.62950278374512,4.430172218513533
drama_298,Drama/Indie,2021,9.765989544218728,6.525598089600843
drama_299,Drama/Indie,2024,6.737681054367412,4.532334522849246
drama_300,Drama/Indie,2021,9.273317616382046,6.463115316206812
drama_301,Drama/Indie,2024,6.794266749863752,4.507335808318457
drama_302,Drama/Indie,2025,8.301635115286189,5.698327042524565
drama_303,Drama/Indie,2021,6.6753714804170645,4.410986237390098
drama_304,Drama/Indie,2024,8.888065280520676,6.043096933118001
drama_305,Drama/Indie,2022,6.533219608051149,4.443618679428429
drama_306,Drama/Indie,2021,6.729030415577383,4.626080253927063
drama_307,Drama/Indie,2024,6.290437126949206,4.14863430426186
drama_308,Drama/Indie,2025,7.756923841716036,5.187186198403481
drama_309,Drama/Indie,2025,9.542965334109608,6.50738464142195
drama_310,Drama/Indie,2020,7.075446497306582,4.893429296753257
drama_311,Drama/Indie,2024,7.173058199466765,4.759934782553228
drama_312,Drama/Indie,2021,9.754446868419581,6.5143593495333185
drama_313,Drama/Indie,2024,9.574464114064092,6.185088413514595
drama_314,Drama/Indie,2020,9.02460671097477,6.143953134427095
drama_315,Drama/Indie,2025,10.02688428656835,6.472463949936274
drama_316,Drama/Indie,2022,8.237639608617796,5.583622523465637
drama_317,Drama/Indie,2021,7.152063501494167,4.764855752967923
drama_318,Drama/Indie,2022,8.843313975498056,6.023221388710245
drama_319,Drama/Indie,2023,6.3982310289739095,4.273525379684562
drama_320,Drama/Indie,2021,7.481346526614066,5.175546297200728
drama_321,Drama/Indie,2025,7.033939541010526,4.700427992517985
drama_322,Drama/Indie,2024,6.665430184061402,4.497725300408631
drama_323,Drama/Indie,2020,6.2446313890595775,4.196199259116788
drama_324,Drama/Indie,2022,10.266773900634139,6.592628930802248
drama_325,Drama/Indie,2021,6.6462769018274575,4.398721661074266
drama_326,Drama/Indie,2020,9.094133138394008,6.196049746374863
drama_327,Drama/Indie,2021,9.471082187601656,6.33991863735232
drama_328,Drama/Indie,2024,8.70852176233825,5.685166372609974
drama_329,Drama/Indie,2024,8.120687574211832,5.24939264071652
drama_330,Drama/Indie,2020,6.227538536764417,4.065888821291704
drama_331,Drama/Indie,2021,8.288890529362416,5.434619525520173
drama_332,Drama/Indie,2020,9.98606582934985,6.684478799689124
drama_333,Drama/Indie,2020,8.134934260962854,5.462976461962116
drama_334,Drama/Indie,2023,9.902255880464839,6.442008355066669
drama_335,Drama/Indie,2025,10.407274236426868,6.751193700432625
drama_336,Drama/Indie,2023,9.334510201073513,6.1120439357633884
drama_337,Drama/Indie,2021,7.637293402673124,5.201263207000181
drama_338,Drama/Indie,2022,7.780165072916114,5.350297652230635
drama_339,Drama/Indie,2022,8.037557945697978,5.2961498566594605
drama_340,Drama/Indie,2025,8.233260221332491,5.4695204066526495
drama_341,Drama/Indie,2020,6.1481815062083385,4.174394118559287
drama_342,Drama/Indie,2021,9.926462917537572,6.733211097524704
drama_343,Drama/Indie,2025,7.827324210454921,5.124969201454046
drama_344,Drama/Indie,2020,6.973568255758427,4.496919545791843
drama_345,Drama/Indie,2022,10.05757704775628,6.747091448729549
drama_346,Drama/Indie,2024,8.722584978900363,5.8000252753781405
drama_347,Drama/Indie,2021,8.08352731936004,5.346014566468622
drama_348,Drama/Indie,2020,10.086976792165618,6.84081826565604
drama_349,Drama/Indie,2023,8.633181177924493,5.683473249058367
drama_350,Drama/Indie,2023,6.364743124308476,4.188232342176079
drama_351,Drama/Indie,2020,9.15517583787417,6.183896629440368
drama_352,Drama/Indie,2020,10.410657061508045,6.742320466804328
drama_353,Drama/Indie,2025,10.412799854760518,7.337440139066501
drama_354,Drama/Indie,2025,7.947076111841011,5.169211989763783
drama_355,Drama/Indie,2022,9.396612446416588,6.275912818019022
drama_356,Drama/Indie,2023,9.770788324644586,6.519062913024573
drama_357,Drama/Indie,2022,10.173949307103442,6.864078254405715
drama_358,Drama/Indie,2025,9.063334882664492,5.993474350465873
drama_359,Drama/Indie,2023,10.252811930543182,6.975895047566061
drama_360,Drama/Indie,2025,6.549274501496314,4.422130624451425
drama_361,Drama/Indie,2020,6.913148173523895,4.694777300874716
drama_362,Drama/Indie,2023,7.347696903218002,4.966431415866788
drama_363,Drama/Indie,2023,7.961684420164046,5.271596014178947
drama_364,Drama/Indie,2025,6.858086155969931,4.868324738076498
drama_365,Drama/Indie,2025,9.104586189705426,5.951243783044688
drama_366,Drama/Indie,2024,8.790720455280104,5.949152952752517
drama_367,Drama/Indie,2025,10.31203556742452,6.698338340673813
drama_368,Drama/Indie,2021,9.425005372729045,6.186892396379886
drama_369,Drama/Indie,2022,6.909160781347653,4.812407417233015
drama_370,Drama/Indie,2022,9.09590931243975,5.975837139493392
drama_371,Drama/Indie,2023,6.8416596792393385,4.4172390289892975
drama_372,Drama/Indie,2020,8.8199209309722,5.963273866066983
drama_373,Drama/Indie,2021,8.738169607494383,5.777469091307367
drama_374,Drama/Indie,2020,6.977737230935409,4.577953653995098
drama_375,Drama/Indie,2022,6.940681573406985,4.6543302733353595
drama_376,Drama/Indie,2021,7.965372883729366,5.4535715866196455
drama_377,Drama/Indie,2023,6.871758876942147,4.688401888723011
drama_378,Drama/Indie,2025,6.724041071343716,4.422153419824479
drama_379,Drama/Indie,2020,6.161516360772942,4.346879848724805
drama_380,Drama/Indie,2021,7.564609365146376,5.053084381737162
drama_381,Drama/Indie,2024,9.646299763659348,6.339325056605003
drama_382,Drama/Indie,2022,9.740699873105191,6.54123853485667
drama_383,Drama/Indie,2023,7.661333663480843,4.829553783690107
drama_384,Drama/Indie,2023,8.392356807744624,5.570114777736706
drama_385,Drama/Indie,2022,6.379390739841824,4.057709895022128
drama_386,Drama/Indie,2025,7.302129204410038,4.817444149282121
drama_387,Drama/Indie,2023,8.812593155038293,5.706093117657877
drama_388,Drama/Indie,2021,9.636213264911287,6.57203493732828
drama_389,Drama/Indie,2020,10.332501176960095,7.010119979705527
drama_390,Drama/Indie,2023,9.456289829052505,6.51665351448872
drama_391,Drama/Indie,2021,6.059633802632781,4.089504787566382
drama_392,Drama/Indie,2023,8.89447260581603,5.729243633849597
drama_393,Drama/Indie,2020,8.787958029739109,5.9560973663120835
drama_394,Drama/Indie,2022,9.737446421816218,6.626753405572529
drama_395,Drama/Indie,2023,6.690740296281436,4.379726470926291
drama_396,Drama/Indie,2024,8.028545612989785,5.665206094675744
drama_397,Drama/Indie,2023,9.115493834871243,6.275963050471396
drama_398,Drama/Indie,2020,9.149300721983854,6.1603165816634124
drama_399,Drama/Indie,2023,6.530662306600964,4.3320989398872625
drama_400,Drama/Indie,2025,9.96172890140136,6.609060846811119
drama_401,Drama/Indie,2022,8.953522930859203,6.259778662604429
drama_402,Drama/Indie,2021,7.869219646330444,5.231597891100948
drama_403,Drama/Indie,2025,9.151831212279562,6.135283392512003
drama_404,Drama/Indie,2025,10.303545985969862,7.0924296142479895
drama_405,Drama/Indie,2024,10.047063028173124,6.686718465943474
drama_406,Drama/Indie,2023,9.112383033640045,6.307521846936249
drama_407,Drama/Indie,2024,9.540948813530113,6.156569915001148
drama_408,Drama/Indie,2020,7.392669376392762,4.896211937234903
drama_409,Drama/Indie,2020,6.620115692789733,4.399290671656329
drama_410,Drama/Indie,2022,8.621073756771677,5.647762021092058
drama_411,Drama/Indie,2022,10.036739913253628,6.464595159192228
drama_412,Drama/Indie,2020,6.497646491782475,4.2665180374506075
drama_413,Drama/Indie,2020,7.903594643200676,5.128059128230294
drama_414,Drama/Indie,2025,8.076669492375423,5.346905031895532
drama_415,Drama/Indie,2024,7.9867735378162505,5.163489334090128
drama_416,Drama/Indie,2020,9.606738871828282,6.2606697754051535
drama_417,Drama/Indie,2022,6.653071413074982,4.452748532867495
drama_418,Drama/Indie,2020,8.754300039194225,5.669256052919554
drama_419,Drama/Indie,2024,10.38215086745963,6.867817669766199
drama_420,Drama/Indie,2021,9.90575191428135,6.505534834486916
drama_421,Drama/Indie,2024,6.323584430706755,4.212063858897735
drama_422,Drama/Indie,2024,8.260460491002435,5.837491232717632
drama_423,Drama/Indie,2024,7.263147391814865,4.817556434219237
drama_424,Drama/Indie,2023,8.938926285783479,6.078415159155395
drama_425,Drama/Indie,2024,9.793494422679702,6.542271650690794
drama_426,Drama/Indie,2025,8.155558896714302,5.341311149075125
drama_427,Drama/Indie,2021,10.055895661227664,6.79927967786314
drama_428,Drama/Indie,2021,8.639090748111329,5.884026213818007
drama_429,Drama/Indie,2024,8.144682333571094,5.51485670561663
drama_430,Drama/Indie,2021,6.562737079509003,4.210750385238719
drama_431,Drama/Indie,2021,8.600644643328371,5.746046483257244
drama_432,Drama/Indie,2024,8.268141492234312,5.72706477627426
drama_433,Drama/Indie,2021,6.957934428984881,4.9454016143980875
drama_434,Drama/Indie,2025,10.736604853308588,7.200617090903901
drama_435,Drama/Indie,2022,8.468706031230386,5.360502406216488
drama_436,Drama/Indie,2023,6.138231229350391,4.002035235616882
drama_437,Drama/Indie,2021,7.642141828525574,5.31682607263486
drama_438,Drama/Indie,2020,7.19062700700117,4.686185200554666
drama_439,Drama/Indie,2025,9.156343441660962,6.341471801142325
drama_440,Drama/Indie,2024,9.010486736126992,6.010870828473315
drama_441,Drama/Indie,2024,10.091559610264397,6.95883861320039
drama_442,Drama/Indie,2025,9.900834534402174,6.755653858096313
drama_443,Drama/Indie,2021,6.114906882509877,4.084651179443543
drama_444,Drama/Indie,2023,8.659819337907157,5.71210166144465
drama_445,Drama/Indie,2021,8.395604395302756,5.542665496023855
drama_446,Drama/Indie,2021,9.60539039217985,6.454697303311169
drama_447,Drama/Indie,2021,9.94721956450863,6.73662638658828
drama_448,Drama/Indie,2025,7.7830888329442365,5.396155186240867
drama_449,Drama/Indie,2020,6.405485466257625,4.3038395155110605
drama_450,Drama/Indie,2024,8.04752592907218,5.612334763969786
drama_451,Drama/Indie,2022,8.525699778640833,6.033896771289784
drama_452,Drama/Indie,2021,9.945852014408109,6.753727428234644
drama_453,Drama/Indie,2024,7.669609111891478,5.369890196180467
drama_454,Drama/Indie,2022,9.42449245891972,6.38906821194297
drama_455,Drama/Indie,2025,9.556519771454077,6.584803848853356
drama_456,Drama/Indie,2022,6.331131582913909,4.328307850599587
drama_457,Drama/Indie,2021,7.516930610417485,5.091019674145906
drama_458,Drama/Indie,2023,7.649490702328568,5.165447056362382
drama_459,Drama/Indie,2023,10.221155362584543,7.048529242807139
drama_460,Drama/Indie,2025,9.368681125318362,6.3342608597259575
drama_461,Drama/Indie,2023,7.852324651883219,5.060295407263631
drama_462,Drama/Indie,2022,6.921750137185328,4.691823086454163
drama_463,Drama/Indie,2020,7.286926335070025,4.807268541204145
drama_464,Drama/Indie,2022,7.643766382834546,5.389172372079579
drama_465,Drama/Indie,2021,6.958466140363413,4.822336227493611
drama_466,Drama/Indie,2022,7.210659657082915,4.9672326404187865
drama_467,Drama/Indie,2020,10.601857081123201,6.765056393151033
drama_468,Drama/Indie,2021,6.343001939818341,4.1996929018827815
drama_469,Drama/Indie,2023,9.348096042893456,6.261430205905294
drama_470,Drama/Indie,2023,8.998346554958125,5.879347900101597
drama_471,Drama/Indie,2022,9.782430376258363,6.779917156523819
drama_472,Drama/Indie,2024,8.884448861775265,5.713175774359393
drama_473,Drama/Indie,2025,6.480667386699109,4.292344333408227
drama_474,Drama/Indie,2022,8.13321148006179,5.558694751874576
drama_475,Drama/Indie,2021,6.384440722828117,4.247625044688595
drama_476,Drama/Indie,2023,6.716416300323666,4.628272725234555
drama_477,Drama/Indie,2024,7.373639193680199,5.125322345130535
drama_478,Drama/Indie,2024,10.078663049875729,6.687314808884685
drama_479,Drama/Indie,2024,8.120721106223113,5.263447051764896
drama_480,Drama/Indie,2025,6.273367812836981,4.162462158618962
drama_481,Drama/Indie,2024,9.22166424796636,6.281842456520234
drama_482,Drama/Indie,2022,6.59186225968446,4.46441198477395
drama_483,Drama/Indie,2020,10.360079781347494,6.792054945724022
drama_484,Drama/Indie,2025,6.450674256044064,4.415540727584181
drama_485,Drama/Indie,2020,7.324102988949068,5.067073075992072
drama_486,Drama/Indie,2023,10.135699749945069,7.067054591979022
drama_487,Drama/Indie,2022,10.053496116006691,6.866455841458565
drama_488,Drama/Indie,2024,9.565177450771067,6.411198443302703
drama_489,Drama/Indie,2024,5.780217319979994,3.920822401531435
drama_490,Drama/Indie,2025,9.684673965344537,6.488285211878757
drama_491,Drama/Indie,2021,9.386693408382445,6.432679606135643
drama_492,Drama/Indie,2022,7.354948280340691,4.877506935566473
drama_493,Drama/Indie,2020,7.5010685107484045,5.128949256069646
drama_494,Drama/Indie,2020,7.239989526828883,4.959409954857964
drama_495,Drama/Indie,2022,6.280675323988071,4.112036155990877
drama_496,Drama/Indie,2025,10.134405206453376,6.835850998720934
drama_497,Drama/Indie,2024,6.120105152910204,3.877042362611441
drama_498,Drama/Indie,2022,9.760582462359464,6.348406892597254
drama_499,Drama/Indie,2024,10.248021582411926,6.83411194310934
